model,accuracy,ap,f1,Topsis Score,Rank
BERT,0.86,0.83,0.8,0.5,3.0
GPT-3,0.88,0.85,0.82,0.0,5.0
DistilBERT,0.85,0.82,0.79,0.7500000000000017,2.0
RoBERTa,0.87,0.84,0.81,0.24999999999999994,4.0
XLNet,0.84,0.81,0.78,1.0,1.0
